{"loss": 0.660490870475769, "accuracy": 0.8448275923728943}